Model,Count,Mask,DOF
Ball,26462,"[True, False, False, False, False, False, False, False, False, False, False, False, False, False, False, False, False, False, False]",1
Ball>Stick,10517,"[True, True, False, False, False, False, False, False, False, False, False, False, False, False, False, False, False, False, False]",5
Ball>Stick>Stick,5340,"[True, True, True, False, False, False, False, False, False, False, False, False, False, False, False, False, False, False, False]",9
Ball>Stick>Stick>Stick,6216,"[True, True, True, True, False, False, False, False, False, False, False, False, False, False, False, False, False, False, False]",13
Ball>Zeppelin,43496,"[True, False, False, False, True, False, False, False, False, False, False, False, False, False, False, False, False, False, False]",6
Ball>Zeppelin>Zeppelin,7399,"[True, False, False, False, True, True, False, False, False, False, False, False, False, False, False, False, False, False, False]",11
Ball>Zeppelin>Zeppelin>Zeppelin,933,"[True, False, False, False, True, True, True, False, False, False, False, False, False, False, False, False, False, False, False]",16
Ball>Dti,13618,"[True, False, False, False, False, False, False, True, False, False, False, False, False, False, False, False, False, False, False]",8
Ball>Dti>Dti,7546,"[True, False, False, False, False, False, False, True, True, False, False, False, False, False, False, False, False, False, False]",15
Ball>Dti>Dti>Dti,3815,"[True, False, False, False, False, False, False, True, True, True, False, False, False, False, False, False, False, False, False]",22
Ball>Dot>WatsonStick,39026,"[True, False, False, False, False, False, False, False, False, False, True, True, False, False, False, False, False, False, False]",7
Ball>BinghamStick>BinghamZeppelin,28781,"[True, False, False, False, False, False, False, False, False, False, False, False, False, True, True, False, False, False, False]",16
NoddiB,199009,"[False, False, False, False, False, False, False, False, False, False, False, False, False, False, False, True, False, False, False]",8
NoddiW,126194,"[False, False, False, False, False, False, False, False, False, False, False, False, False, False, False, False, True, False, False]",6
SandiB,5322,"[False, False, False, False, False, False, False, False, False, False, False, False, False, False, False, False, False, True, False]",10
SandiW,11463,"[False, False, False, False, False, False, False, False, False, False, False, False, False, False, False, False, False, False, True]",8
